edge,score
input->m0,0.16503906
a0.h0->m0,0.0625
a0.h6->m0,0.10449219
a0.h7->m0,-0.13085938
a0.h10->m0,-0.08984375
m0->m1,0.34179688
a1.h0->m1,0.083984375
a1.h1->m1,0.10546875
a1.h3->m1,0.064941406
a1.h7->m1,0.17871094
a1.h10->m1,0.061279297
a1.h1->m2,0.068847656
a1.h2->m2,-0.087402344
a1.h5->m2,-0.12207031
a1.h7->m2,0.10058594
a1.h9->m2,0.06591797
a1.h10->m2,0.079589844
a1.h11->m2,0.14355469
m1->m2,0.20507812
a2.h0->m2,0.111816406
a2.h13->m2,0.06640625
a1.h5->m3,0.07080078
a1.h10->m3,-0.06225586
a2.h0->m3,-0.06542969
a2.h4->m3,0.079589844
a2.h9->m3,-0.068847656
m2->m3,-0.25
a3.h1->m3,0.079589844
a3.h2->m3,0.1484375
a3.h3->m3,0.07519531
a3.h4->m3,0.07324219
a3.h8->m3,0.06738281
a3.h10->m3,0.17480469
m0->m4,0.19042969
a1.h2->m4,-0.09863281
a1.h4->m4,0.0703125
a1.h11->m4,-0.103027344
a2.h0->m4,-0.07861328
m2->m4,0.21777344
a4.h2->m4,0.061279297
a4.h3->m4,0.12597656
a4.h6->m4,0.06640625
m0->a5.h13<q>,-0.067871094
m4->a5.h13<q>,-0.080566406
m0->m5,0.22363281
a1.h7->m5,0.061767578
a1.h10->m5,0.07470703
a1.h11->m5,0.14160156
m1->m5,0.27539062
a2.h3->m5,-0.064941406
a2.h5->m5,-0.06640625
m2->m5,-0.17773438
a4.h3->m5,0.08300781
m4->m5,-0.06298828
a5.h9->m5,-0.08251953
a1.h1->m6,0.061523438
m1->m6,0.09814453
a2.h11->m6,-0.06225586
m2->m6,0.41992188
m3->m6,0.20703125
a4.h0->m6,-0.10205078
a4.h1->m6,0.07324219
a4.h3->m6,-0.068359375
a4.h10->m6,-0.063964844
a5.h5->m6,-0.072265625
a5.h9->m6,0.08886719
a5.h11->m6,-0.08886719
a5.h13->m6,-0.09082031
m5->m6,0.06738281
a6.h4->m6,-0.11669922
a6.h13->m6,0.06591797
a1.h5->m7,0.07080078
a1.h10->m7,0.07324219
a1.h11->m7,0.13476562
m2->m7,0.30664062
a3.h3->m7,0.09814453
a3.h8->m7,-0.083984375
a3.h10->m7,-0.08886719
a3.h13->m7,-0.080566406
a4.h2->m7,0.06542969
m4->m7,-0.06640625
a5.h3->m7,0.068359375
m5->m7,0.11376953
a6.h1->m7,-0.09765625
m6->m7,0.44726562
a7.h6->m7,-0.07519531
a7.h11->m7,0.06640625
m0->m8,0.06738281
a1.h11->m8,-0.10644531
m1->m8,0.18847656
a2.h6->m8,0.064453125
m2->m8,-0.18847656
a3.h10->m8,0.11767578
a3.h11->m8,0.07763672
a3.h13->m8,0.08544922
a4.h3->m8,0.06689453
a5.h3->m8,0.06298828
a5.h5->m8,0.080078125
a5.h7->m8,-0.06347656
m5->m8,-0.071777344
a6.h3->m8,0.078125
a6.h9->m8,-0.064453125
a6.h13->m8,-0.09667969
m6->m8,0.11621094
a7.h1->m8,-0.084472656
a7.h5->m8,-0.064453125
a7.h6->m8,-0.109375
a7.h9->m8,-0.071777344
a7.h13->m8,-0.068359375
a8.h0->m8,-0.08935547
a8.h2->m8,-0.068847656
a8.h3->m8,-0.06298828
a8.h4->m8,-0.12792969
a8.h5->m8,-0.064941406
a8.h7->m8,0.084472656
a8.h10->m8,0.3359375
m0->m9,-0.17089844
a1.h2->m9,-0.08203125
a2.h13->m9,-0.06689453
m2->m9,0.16503906
a3.h4->m9,-0.064941406
m3->m9,0.21972656
a4.h3->m9,-0.100097656
m4->m9,0.12060547
a5.h5->m9,0.064941406
a5.h7->m9,0.06640625
a5.h13->m9,0.10058594
m5->m9,0.26757812
a6.h2->m9,-0.061279297
a6.h3->m9,-0.16992188
m6->m9,-0.31054688
a7.h0->m9,0.0625
a7.h3->m9,0.063964844
a7.h5->m9,0.11767578
a7.h6->m9,0.25585938
a7.h7->m9,0.091308594
a7.h8->m9,0.10253906
a7.h11->m9,0.11816406
a7.h12->m9,0.06298828
a7.h13->m9,0.072753906
m7->m9,-0.22753906
a8.h9->m9,-0.11669922
a8.h12->m9,-0.10644531
m8->m9,-0.21777344
a9.h4->m9,-0.0625
a9.h9->m9,0.118652344
a9.h11->m9,0.110839844
a9.h12->m9,0.12060547
m6->a10.h8<q>,0.140625
m8->a10.h8<q>,0.067871094
m0->m10,-0.080078125
a1.h9->m10,0.078125
a1.h10->m10,-0.061767578
m1->m10,0.23046875
a2.h0->m10,-0.067871094
m2->m10,-0.091796875
a3.h3->m10,-0.063964844
a3.h7->m10,0.08203125
m3->m10,-0.12792969
a4.h3->m10,-0.0625
m4->m10,-0.22460938
a5.h7->m10,0.076660156
a5.h13->m10,-0.18847656
a6.h1->m10,0.061279297
a6.h3->m10,0.08251953
m6->m10,-0.14257812
m7->m10,0.091308594
a8.h4->m10,-0.06347656
a8.h6->m10,-0.08691406
a8.h7->m10,-0.107421875
a8.h9->m10,-0.08935547
a8.h10->m10,-0.14257812
a8.h12->m10,-0.11376953
m8->m10,-0.34570312
a9.h1->m10,0.068847656
a9.h2->m10,0.09423828
a9.h4->m10,0.18261719
a9.h5->m10,0.079589844
m9->m10,0.34179688
a10.h0->m10,-0.09326172
a10.h5->m10,-0.09082031
a10.h6->m10,-0.091308594
a10.h7->m10,-0.122558594
a10.h8->m10,0.07714844
m1->m11,-0.25390625
m2->m11,-0.09375
a3.h7->m11,-0.06982422
a3.h10->m11,0.07080078
m3->m11,0.13671875
a4.h0->m11,0.07373047
m4->m11,0.17578125
a5.h3->m11,-0.09082031
m5->m11,-0.30273438
a6.h2->m11,0.064453125
a6.h3->m11,0.13476562
m6->m11,-0.29296875
a7.h2->m11,0.071777344
a7.h5->m11,0.10253906
a7.h6->m11,0.11376953
a7.h13->m11,-0.07519531
m7->m11,0.34179688
a8.h6->m11,0.20410156
a8.h10->m11,-0.13574219
a9.h12->m11,0.06640625
m9->m11,-0.12988281
a10.h0->m11,0.27929688
a10.h1->m11,0.061767578
a10.h5->m11,0.12109375
a10.h6->m11,0.099609375
m10->m11,-0.0625
a11.h5->m11,-0.08642578
a1.h2->m12,0.09082031
m2->m12,0.23730469
m3->m12,-0.27148438
m4->m12,-0.19921875
a5.h13->m12,-0.08691406
m5->m12,-0.08105469
a6.h2->m12,-0.07080078
a6.h8->m12,-0.07421875
a6.h12->m12,-0.072265625
a6.h13->m12,-0.08642578
a7.h0->m12,-0.063964844
a7.h5->m12,-0.0703125
a7.h13->m12,-0.06298828
m8->m12,-0.11669922
m9->m12,0.14257812
a10.h5->m12,-0.06542969
a10.h6->m12,-0.06982422
a10.h7->m12,0.1875
a10.h13->m12,0.09082031
m10->m12,-0.080078125
a11.h0->m12,0.06689453
a11.h1->m12,0.075683594
a11.h3->m12,0.072265625
a11.h5->m12,0.09423828
m11->m12,0.15039062
a12.h0->m12,-0.106933594
m0->m13,0.07714844
a1.h11->m13,-0.084472656
a5.h9->m13,-0.068359375
a5.h13->m13,0.068847656
m6->m13,0.12109375
m7->m13,-0.14160156
a8.h9->m13,0.07324219
a8.h10->m13,0.115722656
m8->m13,-0.15136719
a9.h1->m13,-0.12890625
a9.h2->m13,-0.22363281
a9.h3->m13,-0.123535156
a9.h4->m13,-0.24511719
a9.h5->m13,-0.13964844
a9.h6->m13,-0.109375
a10.h0->m13,-0.06591797
a10.h7->m13,0.083984375
m11->m13,-0.37304688
m12->m13,0.23242188
a13.h4->m13,0.06738281
a13.h5->m13,-0.07714844
a13.h6->m13,-0.079589844
m0->m14,0.072265625
m2->m14,-0.12597656
a3.h1->m14,0.064453125
m3->m14,0.083984375
m4->m14,0.08984375
a5.h13->m14,-0.067871094
m6->m14,0.09082031
a8.h9->m14,-0.087402344
a8.h10->m14,-0.14453125
a8.h12->m14,-0.07470703
m8->m14,0.13476562
a9.h6->m14,0.068359375
m9->m14,-0.10253906
a10.h0->m14,-0.095703125
m13->m14,-0.34960938
a14.h1->m14,0.10888672
a14.h2->m14,0.06738281
a14.h8->m14,0.06689453
a14.h10->m14,0.08203125
a1.h11->m15,0.087890625
m1->m15,-0.118652344
a3.h1->m15,-0.061767578
m3->m15,0.10205078
m4->m15,0.06591797
m5->m15,0.06738281
m6->m15,0.092285156
a7.h5->m15,0.063964844
a7.h6->m15,0.07128906
m7->m15,-0.14746094
a8.h10->m15,0.122558594
m8->m15,-0.12060547
a9.h2->m15,0.064453125
a9.h4->m15,0.11328125
a10.h7->m15,-0.091796875
m10->m15,-0.11230469
a11.h2->m15,0.080078125
a11.h3->m15,0.087402344
m11->m15,0.15527344
a12.h0->m15,0.071777344
a13.h6->m15,-0.103515625
m13->m15,0.10058594
a14.h1->m15,-0.12792969
a14.h2->m15,-0.08496094
a14.h4->m15,-0.099609375
a14.h6->m15,-0.08691406
a14.h13->m15,-0.064453125
m14->m15,-0.32226562
m0->m16,0.092285156
a5.h7->m16,-0.068359375
a8.h6->m16,-0.10498047
m8->m16,0.15722656
m9->m16,0.12451172
a10.h7->m16,0.140625
m11->m16,-0.109375
m13->m16,-0.15625
a14.h0->m16,0.061279297
a14.h1->m16,0.099609375
m15->m16,-0.2109375
a16.h11->m16,0.07861328
m0->m17,0.100097656
m1->m17,0.076171875
m4->m17,0.119140625
m6->m17,-0.13183594
m7->m17,0.15917969
m8->m17,-0.07861328
m9->m17,-0.078125
m10->m17,0.080078125
a14.h1->m17,-0.063964844
a14.h4->m17,-0.061523438
a14.h6->m17,-0.07373047
m14->m17,0.26171875
m15->m17,0.20410156
m16->m17,0.19238281
m9->m18,0.10449219
m10->m18,-0.12695312
m11->m18,0.110839844
a13.h6->m18,0.08251953
m13->m18,-0.064941406
m14->m18,0.08544922
m15->m18,0.06933594
m16->m18,-0.123535156
a17.h5->m18,-0.107421875
a17.h10->m18,-0.100097656
m17->m18,0.092285156
m0->m19,0.067871094
m1->m19,0.068359375
m5->m19,-0.068847656
m8->m19,0.075683594
m10->m19,-0.12451172
m11->m19,-0.067871094
m14->m19,0.095703125
a16.h11->m19,0.091796875
m16->m19,0.19238281
m17->m19,-0.078125
m18->m19,0.24023438
m0->m20,0.07714844
m8->m20,0.071777344
m11->m20,-0.080078125
m13->m20,0.091308594
m19->m20,0.17773438
m15->m21,0.07470703
m18->m21,-0.13476562
m20->m21,-0.14160156
m4->m22,0.072753906
m8->m22,0.10205078
m19->m22,0.17578125
m20->m22,0.11376953
m21->m22,0.17089844
a8.h10->m23,0.079589844
a10.h7->m23,0.12060547
m11->m23,0.095214844
a12.h0->m23,-0.07910156
m14->m23,-0.23535156
m15->m23,-0.091796875
a16.h2->m23,-0.07373047
m16->m23,-0.13085938
m17->m23,0.11816406
m18->m23,-0.10644531
m19->m23,-0.063964844
m20->m23,0.30078125
m21->m23,0.20703125
m22->m23,0.37304688
m7->logits,-0.115722656
a10.h7->logits,-0.095703125
m11->logits,-0.08105469
a12.h0->logits,0.07714844
a13.h6->logits,-0.078125
m14->logits,0.13769531
m15->logits,-0.21582031
a16.h2->logits,0.10498047
a16.h10->logits,-0.064453125
a16.h11->logits,0.09667969
m16->logits,-0.40234375
a18.h0->logits,-0.064941406
a18.h8->logits,0.07861328
m19->logits,0.13964844
m20->logits,-0.3359375
m21->logits,-0.32226562
m22->logits,-0.23632812
a23.h2->logits,0.064941406
m23->logits,1.046875
